-- MySQL Script generated by MySQL Workbench
-- Sun Apr 21 16:10:36 2024
-- Model: New Model    Version: 1.0
-- MySQL Workbench Forward Engineering

SET @OLD_UNIQUE_CHECKS=@@UNIQUE_CHECKS, UNIQUE_CHECKS=0;
SET @OLD_FOREIGN_KEY_CHECKS=@@FOREIGN_KEY_CHECKS, FOREIGN_KEY_CHECKS=0;
SET @OLD_SQL_MODE=@@SQL_MODE, SQL_MODE='ONLY_FULL_GROUP_BY,STRICT_TRANS_TABLES,NO_ZERO_IN_DATE,NO_ZERO_DATE,ERROR_FOR_DIVISION_BY_ZERO,NO_ENGINE_SUBSTITUTION';

-- -----------------------------------------------------
-- Schema mydb
-- -----------------------------------------------------
-- -----------------------------------------------------
-- Schema BBD_CRM
-- -----------------------------------------------------

-- -----------------------------------------------------
-- Schema BBD_CRM
-- -----------------------------------------------------
CREATE SCHEMA IF NOT EXISTS `BBD_CRM` DEFAULT CHARACTER SET utf8mb4 ;
USE `BBD_CRM` ;

-- -----------------------------------------------------
-- Table `BBD_CRM`.`career`
-- -----------------------------------------------------
CREATE TABLE IF NOT EXISTS `BBD_CRM`.`career` (
  `idCareer` VARCHAR(45) NOT NULL,
  `careerName` VARCHAR(200) NULL DEFAULT NULL,
  `degreeType` VARCHAR(45) NULL DEFAULT NULL,
  PRIMARY KEY (`idCareer`))
ENGINE = InnoDB
DEFAULT CHARACTER SET = utf8mb4;


-- -----------------------------------------------------
-- Table `BBD_CRM`.`User`
-- -----------------------------------------------------
CREATE TABLE IF NOT EXISTS `BBD_CRM`.`User` (
  `idUser` INT NOT NULL,
  `idCareer_fk` VARCHAR(45) NOT NULL,
  `UserName` VARCHAR(45) NULL DEFAULT NULL,
  `email` VARCHAR(45) NULL DEFAULT NULL,
  `role` VARCHAR(45) NULL DEFAULT NULL,
  PRIMARY KEY (`idUser`, `idCareer_fk`),
  INDEX `fk_User_Career_idx` (`idCareer_fk` ASC) ,
  CONSTRAINT `fk_User_Career`
    FOREIGN KEY (`idCareer_fk`)
    REFERENCES `BBD_CRM`.`career` (`idCareer`))
ENGINE = InnoDB
DEFAULT CHARACTER SET = utf8mb4;


-- -----------------------------------------------------
-- Table `BBD_CRM`.`coursefromcareer`
-- -----------------------------------------------------
CREATE TABLE IF NOT EXISTS `BBD_CRM`.`CourseFromCareer` (
  `idCourseFromCareer` VARCHAR(45) NOT NULL,
  `idCareer_fk` VARCHAR(45) NOT NULL,
  `courseName` VARCHAR(200) NULL DEFAULT NULL,
  `semesterNumber` INT NULL DEFAULT NULL,
  PRIMARY KEY (`idCourseFromCareer`, `idCareer_fk`),
  INDEX `fk_Class_Career1_idx` (`idCareer_fk` ASC) ,
  CONSTRAINT `fk_Class_Career1`
    FOREIGN KEY (`idCareer_fk`)
    REFERENCES `BBD_CRM`.`career` (`idCareer`))
ENGINE = InnoDB
DEFAULT CHARACTER SET = utf8mb4;


-- -----------------------------------------------------
-- Table `BBD_CRM`.`CourseInProgress`
-- -----------------------------------------------------
CREATE TABLE IF NOT EXISTS `BBD_CRM`.`CourseInProgress` (
  `idUser_fk` INT NOT NULL,
  `idCourseFromCareer_fk` VARCHAR(45) NOT NULL,
  `idCareer_fk` VARCHAR(45) NOT NULL,
  `professor` VARCHAR(100) NULL DEFAULT NULL,
  `courseName` VARCHAR(200) NULL DEFAULT NULL,
  `idCourseInProgress` VARCHAR(45) NOT NULL,
  `courseStatus` VARCHAR(45) NULL DEFAULT NULL,
  PRIMARY KEY (`idUser_fk`, `idCourseFromCareer_fk`, `idCareer_fk`, `idCourseInProgress`),
  INDEX `fk_User_has_Class_Class1_idx` (`idCourseFromCareer_fk` ASC) ,
  INDEX `fk_User_has_Class_User1_idx` (`idUser_fk` ASC, `idCareer_fk` ASC) ,
  INDEX `idx_idCourseInProgress` (`idCourseInProgress` ASC) ,
  CONSTRAINT `fk_User_has_Class_Class1`
    FOREIGN KEY (`idCourseFromCareer_fk`)
    REFERENCES `BBD_CRM`.`coursefromcareer` (`idCourseFromCareer`),
  CONSTRAINT `fk_User_has_Class_User1`
    FOREIGN KEY (`idUser_fk` , `idCareer_fk`)
    REFERENCES `BBD_CRM`.`User` (`idUser` , `idCareer_fk`))
ENGINE = InnoDB
DEFAULT CHARACTER SET = utf8mb4;

-- -----------------------------------------------------
-- Table `BBD_CRM`.`informacionCursos`
-- -----------------------------------------------------
CREATE TABLE IF NOT EXISTS `BBD_CRM`.`InformacionCursos` (
  `idInformacion` INT NOT NULL AUTO_INCREMENT,
  `idUser_fk` INT NOT NULL,
  `idCourseInProgress_fk` VARCHAR(45) NOT NULL,
  `horario` VARCHAR(45) NOT NULL,
  `fecha` DATE NULL DEFAULT NULL,
  `ubicacion` VARCHAR(15) NULL DEFAULT NULL,
  PRIMARY KEY (`idInformacion`, `idUser_fk`, `idCourseInProgress_fk`),
  INDEX `fk_User_has_Class_User1_idx` (`idUser_fk` ASC),
  INDEX `fk_informacion_has_Class_Class1_idx` (`idCourseInProgress_fk` ASC),
  INDEX `idx_idInformacion` (`idInformacion` ASC),
  CONSTRAINT `fk_courseinprogress_course1`
    FOREIGN KEY (`idCourseInProgress_fk`)
    REFERENCES `BBD_CRM`.`CourseInProgress` (`idCourseInProgress`),
  CONSTRAINT `fk_User_has`
    FOREIGN KEY (`idUser_fk`)
    REFERENCES `BBD_CRM`.`User` (`idUser`)
)
ENGINE = InnoDB
DEFAULT CHARACTER SET = utf8mb4;


-- -----------------------------------------------------
-- Table `BBD_CRM`.`Attendance`
-- -----------------------------------------------------
CREATE TABLE IF NOT EXISTS `BBD_CRM`.`Attendance` (
  `date` VARCHAR(45) NOT NULL,
  `attendance` VARCHAR(45) NULL DEFAULT NULL,
  `justification` VARCHAR(45) NULL DEFAULT NULL,
  `idCourseInProgress_fk` VARCHAR(45) NOT NULL,
  `idUser` INT NOT NULL,
  `idCareer_fk` VARCHAR(45) NOT NULL,
  `idCourseFromCareer_fk` VARCHAR(45) NOT NULL,
  PRIMARY KEY (`date`,`idUser`, `idCareer_fk`, `idCourseFromCareer_fk`),
  INDEX `fk_Attendance_Course1_idx` (`idCourseInProgress_fk` ASC) ,
  INDEX `fk_attendance_user1_idx` (`idUser` ASC, `idCareer_fk` ASC) ,
  INDEX `fk_attendance_courseinprogress1_idx` (`idCourseFromCareer_fk` ASC) ,
  CONSTRAINT `fk_Attendance_Course1`
    FOREIGN KEY (`idCourseInProgress_fk`)
    REFERENCES `BBD_CRM`.`course` (`idCourseInProgress`),
  CONSTRAINT `fk_attendance_user1`
    FOREIGN KEY (`idUser` , `idCareer_fk`)
    REFERENCES `BBD_CRM`.`User` (`idUser` , `idCareer_fk`)
    ON DELETE NO ACTION
    ON UPDATE NO ACTION,
  CONSTRAINT `fk_attendance_courseinprogress1`
    FOREIGN KEY (`idCourseFromCareer_fk`)
    REFERENCES `BBD_CRM`.`CourseInProgress` (`idCourseFromCareer_fk`)
    ON DELETE NO ACTION
    ON UPDATE NO ACTION)
ENGINE = InnoDB
DEFAULT CHARACTER SET = utf8mb4;


-- -----------------------------------------------------
-- Table `BBD_CRM`.`login`
-- -----------------------------------------------------
CREATE TABLE IF NOT EXISTS `BBD_CRM`.`login` (
  `email` VARCHAR(150) NOT NULL,
  `password` VARCHAR(80) NULL DEFAULT NULL,
  `idUser_fk` INT NOT NULL,
  PRIMARY KEY (`email`, `idUser_fk`),
  INDEX `fk_login_User1_idx` (`idUser_fk` ASC) ,
  CONSTRAINT `fk_login_User1`
    FOREIGN KEY (`idUser_fk`)
    REFERENCES `BBD_CRM`.`User` (`idUser`))
ENGINE = InnoDB
DEFAULT CHARACTER SET = utf8mb4;




CREATE TABLE IF NOT EXISTS `BBD_CRM`.`AttendanceSummary` (
    id INT AUTO_INCREMENT PRIMARY KEY,
    date DATE NOT NULL,
    count_attendance INT NOT NULL,
    idCourseInProgress_fk varchar(50) NOT NULL,
    FOREIGN KEY (idCourseInProgress_fk) REFERENCES courseinprogress(idCourseInProgress)
);



CREATE TABLE IF NOT EXISTS `BBD_CRM`. `PreguntasRespuestas` (
    id INT AUTO_INCREMENT PRIMARY KEY,
    pregunta VARCHAR(255),
    respuesta TEXT
);



-- -----------------------------------------------------
-- Table `BBD_CRM`.`regulation`
-- -----------------------------------------------------
CREATE TABLE IF NOT EXISTS `BBD_CRM`.`regulation` (
  `idCourseFromCareer_fk` VARCHAR(45) NOT NULL,
  `questions` VARCHAR(405) NULL DEFAULT NULL,
  `answers` VARCHAR(405) NULL DEFAULT NULL,
  PRIMARY KEY (`idCourseFromCareer_fk`),
  CONSTRAINT `fk_Regulation_Course1`
    FOREIGN KEY (`idCourseFromCareer_fk`)
    REFERENCES `BBD_CRM`.`coursefromcareer` (`idCourseFromCareer`))
ENGINE = InnoDB
DEFAULT CHARACTER SET = utf8mb4;
-- Insertar datos en la tabla Career



USE BBD_CRM;

INSERT INTO `BBD_CRM`.`Career` (`idCareer`, `careerName`, `degreeType`) VALUES
('ICF', 'Ingenieria civil informatica', 'Licenciatura'),
('PRD', 'Periodismo', 'Licenciatura');

-- Insertar datos en la tabla Coursefromcareer
INSERT INTO `BBD_CRM`.`CourseFromCareer` (`idCourseFromCareer`, `idCareer_fk`, `courseName`, `semesterNumber`) VALUES
('ICF101', 'ICF', 'Calculo Diferencial', 1),
('ICF102', 'ICF', 'Algebra', 1),
('ICF103', 'ICF', 'Deporte I', 1),
('ICF104', 'ICF', 'Escritura Argumentativa Core', 1),
('ICF105', 'ICF', 'Programacion', 1),
('ICF106', 'ICF', 'Civilizacion Contemporanea Core', 1),
('ICF107', 'ICF', 'Tecnologico Taller de Introduccion a la Ingenieria', 2),
('ICF108', 'ICF', 'Calculo Integral', 2),
('ICF109', 'ICF', 'Fisica I', 2),
('ICF110', 'ICF', 'Deporte II', 2),
('ICF111', 'ICF', 'Algebra Lineal', 2),
('ICF112', 'ICF', 'Taller de Expresion Oral I', 2),
('ICF113', 'ICF', 'Calculo Multivariables', 3),
('ICF114', 'ICF', 'Fisica II', 3),
('ICF115', 'ICF', 'Taller de Expresion Oral II', 3),
('ICF116', 'ICF', 'Deporte III', 3),
('ICF117', 'ICF', 'Probabilidad y Estadistica', 3),
('ICF118', 'ICF', 'Literatura y Humanidades Core', 3),
('ICF119', 'ICF', 'Taller de Diseno en Ingenieria', 4),
('ICF120', 'ICF', 'Ecuaciones Diferenciales', 4),
('ICF121', 'ICF', 'Fundamentos de Ciencias Ambientales', 4),
('ICF122', 'ICF', 'Fisica III', 4),
('ICF123', 'ICF', 'Deporte IV', 4),
('ICF124', 'ICF', 'Practica Operario', 4),
('ICF125', 'ICF', 'Fundamentos de Ciencia de Datos', 4),
('ICF126', 'ICF', 'Optimizacion', 5),
('ICF127', 'ICF', 'Lenguajes y Paradigmas de Programacion', 5),
('ICF128', 'ICF', 'Estructuras de Datos y Algoritmos', 5),
('ICF129', 'ICF', 'Bases de Datos', 5),
('ICF130', 'ICF', 'Ciencias Core', 5),
('ICF131', 'ICF', 'Mineria de Datos', 5),
('ICF132', 'ICF', 'Deporte V', 5),
('ICF133', 'ICF', 'Taller de Innovacion y Emprendimiento', 6),
('ICF134', 'ICF', 'Diseno de Software', 6),
('ICF135', 'ICF', 'Redes de Computadores', 6),
('ICF136', 'ICF', 'Etica Core', 6),
('ICF137', 'ICF', 'Inteligencia Artificial', 6),
('ICF138', 'ICF', 'Deporte VI', 6),
('ICF139', 'ICF', 'Programacion Profesional', 7),
('ICF140', 'ICF', 'Arquitectura de Sistemas', 7),
('ICF141', 'ICF', 'Sistemas de Informacion', 7),
('ICF142', 'ICF', 'Formulacion y Evaluacion de Proyectos', 7),
('ICF143', 'ICF', 'Arte y Humanidades Core', 7),
('ICF144', 'ICF', 'Capstone Project', 8),
('ICF145', 'ICF', 'Ingenieria de Software', 8),
('ICF146', 'ICF', 'Arquitectura Cloud', 8),
('ICF147', 'ICF', 'Sistemas Operativos', 8),
('ICF148', 'ICF', 'Seguridad en TI', 8),
('ICF149', 'ICF', 'Liderazgo', 8),
('ICF150', 'ICF', 'Optativo Profesional III', 9),
('ICF151', 'ICF', 'Estrategia TI', 9),
('ICF152', 'ICF', 'Optativo Profesional I', 9),
('ICF153', 'ICF', 'Optativo Profesional II', 9),
('ICF154', 'ICF', 'Gestion de Proyectos Informaticos', 9),
('PRD101', 'PRD', 'Historia del Periodismo', 1),
('PRD102', 'PRD', 'Teoria de la Comunicacion', 1),
('PRD103', 'PRD', 'Redaccion Periodistica', 1),
('PRD104', 'PRD', 'Introduccion al Periodismo Digital', 1),
('PRD105', 'PRD', 'Etica y Deontologia Periodistica', 1),
('PRD106', 'PRD', 'Comunicacion y Sociedad', 1),
('PRD107', 'PRD', 'Periodismo Investigativo', 2),
('PRD108', 'PRD', 'Tecnicas de Entrevista', 2),
('PRD109', 'PRD', 'Periodismo de Datos', 2),
('PRD110', 'PRD', 'Periodismo de Opinion', 2),
('PRD111', 'PRD', 'Periodismo Cultural', 2),
('PRD112', 'PRD', 'Periodismo Deportivo', 2),
('PRD113', 'PRD', 'Periodismo Cientifico', 3),
('PRD114', 'PRD', 'Periodismo Economico', 3),
('PRD115', 'PRD', 'Periodismo Politico', 3),
('PRD116', 'PRD', 'Periodismo Ambiental', 3),
('PRD117', 'PRD', 'Periodismo Internacional', 3),
('PRD118', 'PRD', 'Fotoperiodismo', 3),
('PRD119', 'PRD', 'Edicion y Produccion Periodistica', 4),
('PRD120', 'PRD', 'Periodismo Radial', 4),
('PRD121', 'PRD', 'Periodismo Televisivo', 4),
('PRD122', 'PRD', 'Periodismo Digital Avanzado', 4),
('PRD123', 'PRD', 'Periodismo de Investigacion Avanzado', 4),
('PRD124', 'PRD', 'Periodismo de Guerra', 4),
('PRD125', 'PRD', 'Periodismo de Viajes', 5),
('PRD126', 'PRD', 'Periodismo Judicial', 5),
('PRD127', 'PRD', 'Periodismo de Moda', 5),
('PRD128', 'PRD', 'Periodismo Gastronomico', 5),
('PRD129', 'PRD', 'Periodismo Literario', 5),
('PRD130', 'PRD', 'Periodismo en Crisis', 5),
('PRD131', 'PRD', 'Periodismo en Redes Sociales', 6),
('PRD132', 'PRD', 'Periodismo en Situaciones de Emergencia', 6),
('PRD133', 'PRD', 'Periodismo Interactivo', 6),
('PRD134', 'PRD', 'Periodismo Ciudadano', 6),
('PRD135', 'PRD', 'Periodismo Movil', 6),
('PRD136', 'PRD', 'Periodismo de Conflictos Sociales', 6),
('PRD137', 'PRD', 'Periodismo Comunitario', 7),
('PRD138', 'PRD', 'Periodismo de Genero', 7),
('PRD139', 'PRD', 'Periodismo en Medios Alternativos', 7),
('PRD140', 'PRD', 'Periodismo y Derechos Humanos', 7),
('PRD141', 'PRD', 'Periodismo y Salud Publica', 7),
('PRD142', 'PRD', 'Periodismo y Medio Ambiente', 7),
('PRD143', 'PRD', 'Periodismo Cultural Avanzado', 8),
('PRD144', 'PRD', 'Periodismo Deportivo Avanzado', 8),
('PRD145', 'PRD', 'Periodismo Cientifico Avanzado', 8),
('PRD146', 'PRD', 'Periodismo Economico Avanzado', 8),
('PRD147', 'PRD', 'Periodismo Politico Avanzado', 8),
('PRD148', 'PRD', 'Periodismo Internacional Avanzado', 8),
('PRD149', 'PRD', 'Seminario de Periodismo Investigativo', 9),
('PRD150', 'PRD', 'Seminario de Periodismo Digital', 9),
('PRD151', 'PRD', 'Seminario de Periodismo Especializado', 9),
('PRD152', 'PRD', 'Seminario de Periodismo en Medios Sociales', 9),
('PRD153', 'PRD', 'Seminario de Periodismo Cientifico', 9),
('PRD154', 'PRD', 'Seminario de Periodismo Cultural', 9);


INSERT INTO `BBD_CRM`.`regulation` (`idCourseFromCareer_fk`, `questions`, `answers`) VALUES
('101', 'Pregunta 1', 'Respuesta 1'),
('102', 'Pregunta 2', 'Respuesta 2'),
('103', 'Pregunta 3', 'Respuesta 3');



INSERT INTO `BBD_CRM`.`User` (`idUser`, `idCareer_fk`, `UserName`, `email`, `role`) VALUES
(1001, 'ICF', 'Juan Perez', 'juan@example.com', 'profesor'),
(1002, 'ICF', 'Maria Gomez', 'maria@example.com','profesor' ),
(1003, 'PRD', 'Carlos Lopez', 'carlos@example.com', 'profesor'),
(1004, 'ICF', 'Juan Lopez', 'juanlopez@example.com', 'profesor'),
(1005, 'ICF', 'Carlos Perez', 'carlosperez@example.com', 'profesor'),
(1006, 'PRD', 'Maria Gonzales', 'mariagonzales@example.com', 'profesor'),
(1007, 'PRD', 'Pedro Picapiedra', 'pedropicapiedra@example.com', 'profesor');


INSERT INTO `BBD_CRM`.`login` (`email`, `password`, `idUser_fk`) VALUES
('juan@example.com', 'password', 1001),
('maria@example.com', 'password', 1002),
('carlos@example.com', 'password', 1003),
('juanlopez@example.com', 'password',1004),
('carlosperez@example.com', 'password',1005),
('mariagonzales@example.com', 'password',1006),
('pedropicapiedra@example.com', 'password',1007);


INSERT INTO `BBD_CRM`.`InformacionCursos` (`idInformacion`,`idUser_fk`, `idCourseInProgress_fk`, `horario`,`fecha`,`ubicacion`) VALUES
(1,1008,'1008-ICF101','08:45-09:55 10:15-11:25', '2024-05-27', '205-D'),
(2,1008,'1008-ICF101','15:30-16:40', '2024-05-28', '202-E'),
(3,1009,'1009-ICF101','08:45-09:55 10:15-11:25', '2024-05-27', '205-D'),
(4,1009,'1009-ICF101','15:30-16:40', '2024-05-28', '202-E');

INSERT INTO `BBD_CRM`.`CourseInProgress` (`idUser_fk`, `idCourseFromCareer_fk`, `idCareer_fk`, `professor`, `courseName`, `idCourseInProgress`, `courseStatus`) VALUES
(1001, 'ICF101', 'ICF', 'Profesor ', 'Programación Avanzada', '1001-ICF101', '	profesor'),
(1002, 'ICF102', 'ICF', 'Profesor ', 'Sistemas de Base de Datos', '1002-ICF102', 'profesor'),
(1003, 'PRD103', 'PRD', 'Profesor ', 'Audiovisual', '1003-ICF103', 'profesor'),
(1004, 'ICF109', 'ICF', 'Profesor ', 'Calculo Integral', '1004-ICF108', 'profesor'),
(1005, 'ICF109', 'ICF', 'Profesor ', 'Fisica I', '1005-ICF109', 'profesor'),
(1006, 'PRD104', 'PRD', 'Profesor ', 'Introduccion al Periodismo Digital', '1006-ICF104', 'profesor'),
(1007, 'PRD105', 'PRD', 'Profesor ', 'Etica y Deontologia Periodistica', '1007-PRD105', 'profesor'),
(1001, 'ICF129', 'ICF', 'Profesor ', 'Base de Datos', '1001-ICF129', 'profesor'),
(1002, 'ICF139', 'ICF', 'Profesor ', 'Programacion Profesional', '1002-ICF139', 'profesor'),
(1003, 'PRD137', 'ICF', 'Profesor ', 'Inteligencia Artificial', '1003-ICF103', 'profesor'),
(1004, 'ICF131', 'ICF', 'Profesor ', 'Mineria de Datos', '1004-ICF131', 'profesor');

CREATE TABLE DocumentosPDF (
    id INT AUTO_INCREMENT PRIMARY KEY,
    fecha VARCHAR(50),
    siglaCurso VARCHAR(50),
    archivoPDF LONGBLOB
);


INSERT INTO PreguntasRespuestas (pregunta, respuesta) VALUES
('hello', 'Hello! How can I help you today?'),
('hi', 'Hello! How can I help you today?'),
('hey', 'Hello! How can I help you today?'),
('hola', '¡Hola! ¿Cómo puedo ayudarte hoy?'),
('buenos días', '¡Hola! ¿Cómo puedo ayudarte hoy?'),
('saludos', '¡Hola! ¿Cómo puedo ayudarte hoy?'),
('buenas tardes', '¡Hola! ¿Cómo puedo ayudarte hoy?'),
('buenas noches', '¡Hola! ¿Cómo puedo ayudarte hoy?'),
('how are you', 'Hello! How can I help you today?'),
('cómo estás', '¡Hola! ¿Cómo puedo ayudarte hoy?'),
('bye', 'Goodbye! Have a great day!'),
('goodbye', 'Goodbye! Have a great day!'),
('see you', 'Goodbye! Have a great day!'),
('adiós', '¡Adiós! ¡Que tengas un gran día!'),
('hasta luego', '¡Adiós! ¡Que tengas un gran día!'),
('nos vemos', '¡Adiós! ¡Que tengas un gran día!'),
('chau', '¡Adiós! ¡Que tengas un gran día!'),
('talk to you later', 'Goodbye! Have a great day!'),
('hablamos luego', '¡Adiós! ¡Que tengas un gran día!'),
('help', 'Sure, I can help with that. What would you like to know specifically?'),
('information', 'Sure, I can help with that. What would you like to know specifically?'),
('details', 'Sure, I can help with that. What would you like to know specifically?'),
('ayuda', 'Claro, puedo ayudarte con eso. ¿Qué te gustaría saber específicamente?'),
('información', 'Claro, puedo ayudarte con eso. ¿Qué te gustaría saber específicamente?'),
('detalles', 'Claro, puedo ayudarte con eso. ¿Qué te gustaría saber específicamente?'),
('asistencia', 'Claro, puedo ayudarte con eso. ¿Qué te gustaría saber específicamente?'),
('puedes ayudarme', 'Claro, puedo ayudarte con eso. ¿Qué te gustaría saber específicamente?'),
('necesito información', 'Claro, puedo ayudarte con eso. ¿Qué te gustaría saber específicamente?'),
('admissions', 'You can find information about admissions on our website. Is there something specific you want to know?'),
('admission', 'You can find information about admissions on our website. Is there something specific you want to know?'),
('apply', 'You can find information about admissions on our website. Is there something specific you want to know?'),
('enrollment', 'You can find information about admissions on our website. Is there something specific you want to know?'),
('inscripción', 'Puedes encontrar información sobre admisiones en nuestro sitio web. ¿Hay algo específico que quieras saber?'),
('admisión', 'Puedes encontrar información sobre admisiones en nuestro sitio web. ¿Hay algo específico que quieras saber?'),
('solicitud', 'Puedes encontrar información sobre admisiones en nuestro sitio web. ¿Hay algo específico que quieras saber?'),
('registrarse', 'Puedes encontrar información sobre admisiones en nuestro sitio web. ¿Hay algo específico que quieras saber?'),
('cómo me inscribo', 'Puedes encontrar información sobre admisiones en nuestro sitio web. ¿Hay algo específico que quieras saber?'),
('quiero aplicar', 'Puedes encontrar información sobre admisiones en nuestro sitio web. ¿Hay algo específico que quieras saber?'),
('información de admisión', 'Puedes encontrar información sobre admisiones en nuestro sitio web. ¿Hay algo específico que quieras saber?'),
('programs', 'We offer a variety of programs and courses. Which one are you interested in?'),
('courses', 'We offer a variety of programs and courses. Which one are you interested in?'),
('majors', 'We offer a variety of programs and courses. Which one are you interested in?'),
('carreras', 'Ofrecemos una variedad de programas y cursos. ¿Cuál te interesa?'),
('programas', 'Ofrecemos una variedad de programas y cursos. ¿Cuál te interesa?'),
('materias', 'Ofrecemos una variedad de programas y cursos. ¿Cuál te interesa?'),
('cursos', 'Ofrecemos una variedad de programas y cursos. ¿Cuál te interesa?'),
('qué programas ofrecen', 'Ofrecemos una variedad de programas y cursos. ¿Cuál te interesa?'),
('qué carreras tienen', 'Ofrecemos una variedad de programas y cursos. ¿Cuál te interesa?'),
('información de programas', 'Ofrecemos una variedad de programas y cursos. ¿Cuál te interesa?'),
('tuition', 'Tuition fees vary by program. However, the tuition fee for engineering is 100 UF, for psychology it is 80 UF, and for law it is 150 UF. The general price is around 100 UF.'),
('fees', 'Tuition fees vary by program. However, the tuition fee for engineering is 100 UF, for psychology it is 80 UF, and for law it is 150 UF. The general price is around 100 UF.'),
('cost', 'Tuition fees vary by program. However, the tuition fee for engineering is 100 UF, for psychology it is 80 UF, and for law it is 150 UF. The general price is around 100 UF.'),
('matrícula', 'Las tarifas de matrícula varían según el programa. Sin embargo, el precio de la matrícula de ingeniería es de 100 UF, el de psicología es de 80 UF y el de derecho 150, el precio general ronda las 100 UF.'),
('costos', 'Las tarifas de matrícula varían según el programa. Sin embargo, el precio de la matrícula de ingeniería es de 100 UF, el de psicología es de 80 UF y el de derecho 150, el precio general ronda las 100 UF.'),
('precios', 'Las tarifas de matrícula varían según el programa. Sin embargo, el precio de la matrícula de ingeniería es de 100 UF, el de psicología es de 80 UF y el de derecho 150, el precio general ronda las 100 UF.'),
('pagos', 'Las tarifas de matrícula varían según el programa. Sin embargo, el precio de la matrícula de ingeniería es de 100 UF, el de psicología es de 80 UF y el de derecho 150, el precio general ronda las 100 UF.'),
('cuánto cuesta', 'Las tarifas de matrícula varían según el programa. Sin embargo, el precio de la matrícula de ingeniería es de 100 UF, el de psicología es de 80 UF y el de derecho 150, el precio general ronda las 100 UF.'),
('precio de la matrícula', 'Las tarifas de matrícula varían según el programa. Sin embargo, el precio de la matrícula de ingeniería es de 100 UF, el de psicología es de 80 UF y el de derecho 150, el precio general ronda las 100 UF.'),
('información de costos', 'Las tarifas de matrícula varían según el programa. Sin embargo, el precio de la matrícula de ingeniería es de 100 UF, el de psicología es de 80 UF y el de derecho 150, el precio general ronda las 100 UF.'),
('events', 'We have many events throughout the year. You can check our event calendar on the website.'),
('calendar', 'We have many events throughout the year. You can check our event calendar on the website.'),
('activities', 'We have many events throughout the year. You can check our event calendar on the website.'),
('eventos', 'Tenemos muchos eventos a lo largo del año. Puedes consultar nuestro calendario de eventos en el sitio web.'),
('calendario', 'Tenemos muchos eventos a lo largo del año. Puedes consultar nuestro calendario de eventos en el sitio web.'),
('actividades', 'Tenemos muchos eventos a lo largo del año. Puedes consultar nuestro calendario de eventos en el sitio web.'),
('próximos eventos', 'Tenemos muchos eventos a lo largo del año. Puedes consultar nuestro calendario de eventos en el sitio web.'),
('qué eventos hay', 'Tenemos muchos eventos a lo largo del año. Puedes consultar nuestro calendario de eventos en el sitio web.'),
('actividades en la universidad', 'Tenemos muchos eventos a lo largo del año. Puedes consultar nuestro calendario de eventos en el sitio web.'),
('library', 'The library offers a wide range of resources. How can I help you with that?'),
('books', 'The library offers a wide range of resources. How can I help you with that?'),
('resources', 'The library offers a wide range of resources. How can I help you with that?'),
('biblioteca', 'La biblioteca ofrece una amplia gama de recursos. ¿Cómo puedo ayudarte con eso?'),
('libros', 'La biblioteca ofrece una amplia gama de recursos. ¿Cómo puedo ayudarte con eso?'),
('recursos', 'La biblioteca ofrece una amplia gama de recursos. ¿Cómo puedo ayudarte con eso?'),
('información de la biblioteca', 'La biblioteca ofrece una amplia gama de recursos. ¿Cómo puedo ayudarte con eso?'),
('qué recursos ofrece la biblioteca', 'La biblioteca ofrece una amplia gama de recursos. ¿Cómo puedo ayudarte con eso?'),
('support', 'Our support team is here to help. What do you need assistance with?'),
('assistance', 'Our support team is here to help. What do you need assistance with?'),
('help desk', 'Our support team is here to help. What do you need assistance with?'),
('soporte', 'Nuestro equipo de soporte está aquí para ayudar. ¿Con qué necesitas asistencia?'),
('asistencia', 'Nuestro equipo de soporte está aquí para ayudar. ¿Con qué necesitas asistencia?'),
('ayuda', 'Nuestro equipo de soporte está aquí para ayudar. ¿Con qué necesitas asistencia?'),
('necesito soporte', 'Nuestro equipo de soporte está aquí para ayudar. ¿Con qué necesitas asistencia?'),
('dónde puedo obtener ayuda', 'Nuestro equipo de soporte está aquí para ayudar. ¿Con qué necesitas asistencia?'),
('schedule', 'You can see the schedule and operating hours on our website.'),
('hours', 'You can see the schedule and operating hours on our website.'),
('timetable', 'You can see the schedule and operating hours on our website.'),
('horario', 'Puedes ver el horario y las horas de operación en nuestro sitio web.'),
('horas', 'Puedes ver el horario y las horas de operación en nuestro sitio web.'),
('calendario', 'Puedes ver el horario y las horas de operación en nuestro sitio web.'),
('cuál es el horario', 'Puedes ver el horario y las horas de operación en nuestro sitio web.'),
('horas de operación', 'Puedes ver el horario y las horas de operación en nuestro sitio web.'),
('contact', 'You can contact us by email or phone. Visit our contact page for more details.'),
('email', 'You can contact us by email or phone. Visit our contact page for more details.'),
('phone', 'You can contact us by email or phone. Visit our contact page for more details.'),
('contacto', 'Puedes contactarnos por correo electrónico o teléfono. Visita nuestra página de contacto para más detalles.'),
('correo electrónico', 'Puedes contactarnos por correo electrónico o teléfono. Visita nuestra página de contacto para más detalles.'),
('teléfono', 'Puedes contactarnos por correo electrónico o teléfono. Visita nuestra página de contacto para más detalles.'),
('cómo puedo contactarlos', 'Puedes contactarnos por correo electrónico o teléfono. Visita nuestra página de contacto para más detalles.'),
('información de contacto', 'Puedes contactarnos por correo electrónico o teléfono. Visita nuestra página de contacto para más detalles.');

--_________________________________________________________________________________________
-- ADMIN USERS INSERT:

INSERT INTO `BBD_CRM`.`Career` (`idCareer`, `careerName`, `degreeType`) VALUES
('ADM', 'Administración', 'Licenciatura')
ON DUPLICATE KEY UPDATE `idCareer` = `idCareer`;
INSERT INTO `BBD_CRM`.`User` (`idUser`, `idCareer_fk`, `UserName`, `email`, `role`) VALUES
(100, 'ADM', 'Admin User', 'admin@example.com', 'administrador');
INSERT INTO `BBD_CRM`.`login` (`email`, `password`, `idUser_fk`) VALUES
('admin@example.com', 'adminpassword', 100);
--_________________________________________________________________________________________